,created_at,text,url,screen_name,name,retweet_count,favorite_count,is_retweet
0,Tue May 16 06:37:58 +0000 2017,Think twice before heading to the emergency room for less-than-urgent problems  https://t.co/CC17sKk2Uq,https://t.co/CC17sKk2Uq,nytimes,The New York Times,33,73,False
1,Tue May 16 06:21:50 +0000 2017,"How to clean your home thoroughly and efficiently, starting now https://t.co/5JYTc2xqty",https://t.co/5JYTc2xqty,nytimes,The New York Times,48,142,False
2,Tue May 16 06:05:36 +0000 2017,Arab TV Series Dramatizes Life Under ISIS https://t.co/UqI4DltxUS,https://t.co/UqI4DltxUS,nytimes,The New York Times,63,112,False
3,Tue May 16 05:52:25 +0000 2017,What was unusual about Tom Brady‚Äôs stolen Super Bowl Jersey? He got it back. https://t.co/ibiZTTeHPF,https://t.co/ibiZTTeHPF,nytimes,The New York Times,26,77,False
4,Tue May 16 05:35:53 +0000 2017,"Where is North Korea? Here are guesses from 1,746 adults. https://t.co/lUDJAyrchx",https://t.co/lUDJAyrchx,nytimes,The New York Times,239,299,False
5,Tue May 16 05:19:26 +0000 2017,A 10-year-old who was repeatedly raped by her stepfather may be forced to give birth due to India's abortion law https://t.co/rLHDe7C6a4,https://t.co/rLHDe7C6a4,nytimes,The New York Times,365,205,False
6,Tue May 16 05:01:06 +0000 2017,"Driving through Nevada? With a new speed limit, one part of the state may be a blur. https://t.co/8ilJLyKiWV",https://t.co/8ilJLyKiWV,nytimes,The New York Times,74,209,False
7,Tue May 16 04:51:05 +0000 2017,"Dutch fertility doctor swapped donors‚Äô sperm with his, lawsuit claims https://t.co/uBBCeeWLHE",https://t.co/uBBCeeWLHE,nytimes,The New York Times,55,114,False
8,Tue May 16 04:41:05 +0000 2017,How to lower the chances of your luggage taking a trip without you https://t.co/43nCrhiCVm,https://t.co/43nCrhiCVm,nytimes,The New York Times,87,186,False
9,Tue May 16 04:31:03 +0000 2017,"Want to buy a home? Skip the avocado toast, a real estate mogul suggests. https://t.co/WqtwLRu2AK",https://t.co/WqtwLRu2AK,nytimes,The New York Times,110,267,False
10,Tue May 16 06:42:01 +0000 2017,"EXCLUSIVE: Anna Friel stuns guests as she gropes toyboy Charlie Heaton, 17 years her junior https://t.co/f2DaLJoX8j https://t.co/ZyF3GmaNRN",https://t.co/f2DaLJoX8j,TheSun,The Sun,0,1,False
11,Tue May 16 06:33:21 +0000 2017,RT @SunVideo: Ian Brady‚Äôs former penpal Cody Lachey explains why he wouldn‚Äôt reveal location of Keith Bennett‚Äôs body https://t.co/aC3ZgIwL1j,https://t.co/aC3ZgIwL1j,TheSun,The Sun,1,0,False
12,Tue May 16 06:32:57 +0000 2017,RT @TheSunTV: Emmerdale spoilers: Robert Sugden admits to cheating on husband Aaron Dingle after romp in their new home https://t.co/NdPQWX‚Ä¶,https://twitter.com/TheSunTV/status/864367333782863873,TheSun,The Sun,1,0,False
13,Tue May 16 06:32:01 +0000 2017,Former Page 3 girl Rhian Sugden has naked photos hacked and posted online https://t.co/9Sg6oTgtHH https://t.co/KqNFyzgxhX,https://t.co/9Sg6oTgtHH,TheSun,The Sun,1,2,False
14,Tue May 16 06:27:02 +0000 2017,REVEALED: Here's how to sex up your summer and make your love life sizzle @drpamspurr https://t.co/4xWaef89pC https://t.co/atQuzobmrb,https://t.co/4xWaef89pC,TheSun,The Sun,1,1,False
15,Tue May 16 06:22:01 +0000 2017,Everything we know about Ian Brady and the Moors murders https://t.co/7LoZIjlo7u https://t.co/VPPc90WImJ,https://t.co/7LoZIjlo7u,TheSun,The Sun,0,0,False
16,Tue May 16 06:22:00 +0000 2017,RT @TheSunShowbiz: Calum Best signs up for Celebs Go Dating after splitting from Playboy model Lindsey Pelas https://t.co/vW3BKOtlqv,https://t.co/vW3BKOtlqv,TheSun,The Sun,1,0,False
17,Tue May 16 06:12:01 +0000 2017,Man and woman filmed in x-rated street row as she claims he 'sh***ed his dog' https://t.co/rPs6KD0LGI https://t.co/DrkQ60UPpM,https://t.co/rPs6KD0LGI,TheSun,The Sun,3,3,False
18,Tue May 16 06:08:06 +0000 2017,"RT @talkRADIO: After Ian Brady died, would you be in favour of the death penalty? #BetterCallPaul 0344 499 1000 @paulross @TheSun https://t‚Ä¶",https://twitter.com/talkRADIO/status/864347333344894976,TheSun,The Sun,6,0,False
19,Tue May 16 06:07:33 +0000 2017,RT @TheSunWoman: NHS doctors resort to sending patient details over WhatsApp as health service goes into meltdown after cyber-attack https:‚Ä¶,https://twitter.com/TheSunWoman/status/864348438816669697,TheSun,The Sun,1,0,False
20,Tue May 16 06:20:01 +0000 2017,A British island in the South Pacific has the highest level of plastic pollution in the world‚Ä¶ https://t.co/P3nRmVxbi9,https://t.co/P3nRmVxbi9,thetimes,The Times of London,17,4,False
21,Tue May 16 06:12:01 +0000 2017,The FTSE 100 reached a fresh record high thanks to an oil deal between Russia and Saudi Arabia‚Ä¶ https://t.co/8xu17e4Hyu,https://t.co/8xu17e4Hyu,thetimes,The Times of London,6,4,False
22,Tue May 16 06:05:01 +0000 2017,".@HenryWinter picks his Premier League team of the season -
 and there are one or two surprises‚Ä¶ https://t.co/xGp7C8aFG4",https://t.co/xGp7C8aFG4,thetimes,The Times of London,4,3,False
23,Tue May 16 06:00:03 +0000 2017,Isis threw a 'gay' Syrian teenager from a roof and cut his throat when he survived. Now his father is vowing reveng‚Ä¶ https://t.co/ePeH4mAevK,https://t.co/ePeH4mAevK,thetimes,The Times of London,22,14,False
24,Tue May 16 05:56:01 +0000 2017,Donald Trump ‚Äògave away classified secrets‚Äô at a meeting with the Russian foreign minister https://t.co/sxwt0uZbiX https://t.co/1AKu2iLtyE,https://t.co/sxwt0uZbiX,thetimes,The Times of London,15,6,False
25,Tue May 16 05:50:01 +0000 2017,"Theresa May's Tories are edging towards the tax they dare not name, says @RSylvesterTimes
https://t.co/BKiuek1QFq https://t.co/hz1AK0jEtk",https://t.co/BKiuek1QFq,thetimes,The Times of London,8,5,False
26,Tue May 16 05:45:01 +0000 2017,Hordes of cruise passengers are annoying residents on the tranquil Orkney Islands https://t.co/27Oj0f1E0G https://t.co/py6c3ncZjH,https://t.co/27Oj0f1E0G,thetimes,The Times of London,2,3,False
27,Tue May 16 05:40:01 +0000 2017,"""May you rot in hell"": victims' families celebrate the death of the Moors Murderer Ian Brady https://t.co/wweRmZrqJt https://t.co/4BuHBJdKuK",https://t.co/wweRmZrqJt,thetimes,The Times of London,6,10,False
28,Tue May 16 05:30:01 +0000 2017,These pupils in Nairobi protested the demolition of their school by blocking a busy road with their desks‚Ä¶ https://t.co/mg6G3uUqpn,https://t.co/mg6G3uUqpn,thetimes,The Times of London,6,9,False
29,Tue May 16 05:22:31 +0000 2017,One of the world's biggest drug companies faces a ¬£220m fine for hiking the price of lifesaving cancer medicine‚Ä¶ https://t.co/0BYWDCECLb,https://t.co/0BYWDCECLb,thetimes,The Times of London,20,15,False
30,Tue May 16 06:43:42 +0000 2017,BREAKING: South Korean media says new president will visit the White House next month amid worries over North Korea. https://t.co/9Ur9VaC5oN,https://t.co/9Ur9VaC5oN,AP,The Associated Press,38,28,False
31,Tue May 16 06:30:11 +0000 2017,Mexican journalist honored for his coverage of drug traffickers is shot to death in Mexico drug state. https://t.co/NxiDMXrlEJ,https://t.co/NxiDMXrlEJ,AP,The Associated Press,143,89,False
32,Tue May 16 06:01:26 +0000 2017,"RT @gillianwong: China's chase of 'golden visas': US, Canada, Portugal, Australia top list https://t.co/gJXKAAETEW 
More here  https://t.co‚Ä¶",https://t.co/gJXKAAETEW,AP,The Associated Press,24,0,False
33,Tue May 16 06:00:02 +0000 2017,Two killed as chaos erupts in western Venezuela during another round of protests against the socialist government. https://t.co/YDzVKxbh8k,https://t.co/YDzVKxbh8k,AP,The Associated Press,104,51,False
34,Tue May 16 05:40:51 +0000 2017,"The Trump White House returns to crisis mode as it reacts to yet another bombshell. By @colvinj, @catherine_lucey. https://t.co/XiJGZN5eIe",https://t.co/XiJGZN5eIe,AP,The Associated Press,196,249,False
35,Tue May 16 05:00:14 +0000 2017,RT @APCentralRegion: #Arkansas judge issues gag order in case of man accused of killing sheriff's deputy and two others. https://t.co/OZJrE‚Ä¶,https://twitter.com/APCentralRegion/status/864148266421817345,AP,The Associated Press,21,0,False
36,Tue May 16 04:51:03 +0000 2017,Canadian woman 'shocked' to find that her picture of Sean Spicer in the bushes trending on social media. https://t.co/7a7WLySUZf,https://t.co/7a7WLySUZf,AP,The Associated Press,131,397,False
37,Tue May 16 04:33:41 +0000 2017,"Fidget spinners, the hot toy that spun out of nowhere, @josephpisani writes. https://t.co/3gEGBbI36W https://t.co/qNjiK0b4If",https://t.co/3gEGBbI36W,AP,The Associated Press,75,126,False
38,Tue May 16 04:20:12 +0000 2017,".@AP Exclusive: More than 100,000 Chinese spent at least $24 billion on ‚Äúgolden visas‚Äù in a 2nd country since 2007.‚Ä¶ https://t.co/xMnMIgpsnR",https://t.co/xMnMIgpsnR,AP,The Associated Press,151,103,False
39,Tue May 16 03:58:35 +0000 2017,RT @AP_Sports: Olynyk and bench power Celtics past Wizards in Game 7; Cavs up next. @khightower https://t.co/ND3w41mMuo https://t.co/bmWKjP‚Ä¶,https://t.co/ND3w41mMuo,AP,The Associated Press,18,0,False
40,Tue May 16 06:46:10 +0000 2017,Late-night hosts blast President Trump after reports that he shared highly classified info with Russian officials‚Ä¶ https://t.co/L9sLYTkqoc,https://t.co/L9sLYTkqoc,CNN,CNN,9,21,False
41,Tue May 16 06:30:01 +0000 2017,US says the Syrian government is using a crematorium to hide bodies of as many as 50 detainees it's killing each da‚Ä¶ https://t.co/bEq9ptsqvF,https://t.co/bEq9ptsqvF,CNN,CNN,84,69,False
42,Tue May 16 06:12:45 +0000 2017,Activists spelled out a message for President Trump -- on one of his own golf courses https://t.co/m0ua2Xpxm7 https://t.co/D0jWQpD8Hy,https://t.co/m0ua2Xpxm7,CNN,CNN,249,619,False
43,Tue May 16 05:55:01 +0000 2017,Security researchers find possible North Korea link to massive cyberattack https://t.co/cPMN5znQob https://t.co/ndonU9Jn0Y,https://t.co/cPMN5znQob,CNN,CNN,129,159,False
44,Tue May 16 05:45:01 +0000 2017,"Deputy Attorney General Rod Rosenstein: ""There is no place I would rather be"" https://t.co/gJSRMVSlE7 https://t.co/8igGnLgtVT",https://t.co/gJSRMVSlE7,CNN,CNN,25,76,False
45,Tue May 16 05:32:01 +0000 2017,Why the latest White House crisis is a really big deal https://t.co/BaSVZUD1ob https://t.co/04haPfLbUs,https://t.co/BaSVZUD1ob,CNN,CNN,185,351,False
46,Tue May 16 05:20:01 +0000 2017,Another Trump crisis craters the Republican agenda https://t.co/qHgpWFfL8I https://t.co/q3LiJHq1wb,https://t.co/qHgpWFfL8I,CNN,CNN,137,281,False
47,Tue May 16 05:10:02 +0000 2017,A new al Qaeda propaganda message features the son of Osama bin Laden https://t.co/qEOlrnsC61 https://t.co/NQs4vtrQx6,https://t.co/qEOlrnsC61,CNN,CNN,177,211,False
48,Tue May 16 05:00:02 +0000 2017,"As US retreats, Chinese President Xi Jinping positions himself as free trade and climate champion‚Ä¶ https://t.co/j1gDypiNOv",https://t.co/j1gDypiNOv,CNN,CNN,126,247,False
49,Tue May 16 04:50:02 +0000 2017,"Police warn: If you're hit by cyberattack, don't pay the ransom https://t.co/CGKZL4bR5E https://t.co/cVFOMLCLCe",https://t.co/CGKZL4bR5E,CNN,CNN,170,215,False
50,Tue May 16 06:44:36 +0000 2017,Follow the latest #GE2017 campaign news ahead of Labour &amp; Plaid Cymru manifesto launches https://t.co/ftCPxiZCsx,https://t.co/ftCPxiZCsx,BBCNews,BBC News (UK),0,3,False
51,Tue May 16 06:35:13 +0000 2017,Road accidents biggest global killer of teenagers https://t.co/ioWMqYtGCl,https://t.co/ioWMqYtGCl,BBCNews,BBC News (UK),25,18,False
52,Tue May 16 06:33:00 +0000 2017,"Retired teacher, 98, receives honorary degree https://t.co/SliLv0OQQH",https://t.co/SliLv0OQQH,BBCNews,BBC News (UK),26,66,False
53,Tue May 16 06:33:00 +0000 2017,"Obesity caused 5,000 bowel cancer cases over 10 years, says charity https://t.co/IuPLMMSfG7",https://t.co/IuPLMMSfG7,BBCNews,BBC News (UK),13,12,False
54,Tue May 16 06:33:00 +0000 2017,'Delicate operation' at Birmingham WW2 bomb site https://t.co/lSTcftIM4u,https://t.co/lSTcftIM4u,BBCNews,BBC News (UK),16,15,False
55,Tue May 16 06:33:00 +0000 2017,Enderby car crash body was schoolgirl Megan Bannister https://t.co/yZqvVR3wVU,https://t.co/yZqvVR3wVU,BBCNews,BBC News (UK),12,5,False
56,Tue May 16 06:20:13 +0000 2017,"RT @BBCSport: You don't see this too often.

Pep Guardiola has been brutually honest about first season at Man City üëâ https://t.co/VowgFOUB‚Ä¶",https://twitter.com/BBCSport/status/864364795696365568,BBCNews,BBC News (UK),21,0,False
57,Tue May 16 05:03:25 +0000 2017,Inmarsat rides SpaceX Falcon into orbit https://t.co/TF7wcwINsA,https://t.co/TF7wcwINsA,BBCNews,BBC News (UK),28,45,False
58,Tue May 16 04:00:21 +0000 2017,Modern Studies exam reprinted due to diagram error https://t.co/XtpO4K6Dxw,https://t.co/XtpO4K6Dxw,BBCNews,BBC News (UK),15,29,False
59,Tue May 16 03:04:40 +0000 2017,Union condemns cuts to school nurses https://t.co/M9QvCg3h4v,https://t.co/M9QvCg3h4v,BBCNews,BBC News (UK),20,35,False
60,Tue May 16 06:45:05 +0000 2017,Don't fall for this WhatsApp scam -- here's how to avoid it https://t.co/hgCxIozPV8 https://t.co/vdZbOqZIxi,https://t.co/hgCxIozPV8,CNET,CNET,4,1,False
61,Tue May 16 06:25:03 +0000 2017,Not just bulbs: Philips Hue rolls out new smart lamps https://t.co/YJyKqipl2D https://t.co/MK9ndWM1Xz,https://t.co/YJyKqipl2D,CNET,CNET,8,5,False
62,Tue May 16 06:15:05 +0000 2017,"WannaCry ransomware loses its kill switch, so watch out https://t.co/cX3rzOdh7Z https://t.co/26nYZDCqZt",https://t.co/cX3rzOdh7Z,CNET,CNET,21,5,False
63,Tue May 16 06:05:12 +0000 2017,The Twitch/PC streaming guide: Lighting video on the cheap https://t.co/wrHyS096pc https://t.co/Yw9KT9oh29,https://t.co/wrHyS096pc,CNET,CNET,7,4,False
64,Tue May 16 05:55:01 +0000 2017,'Mystery Science Theater 3000' is taking the show on the road https://t.co/73wtLaMyIo #MST3K #MST3KLive https://t.co/v6yIrDatf1,https://t.co/73wtLaMyIo,CNET,CNET,3,5,False
65,Tue May 16 05:50:07 +0000 2017,.@SethMacFarlane's 'The Orville' looks like the real 'Galaxy Quest' show https://t.co/bFQv4zJPQB https://t.co/ExR9LwBV63,https://t.co/bFQv4zJPQB,CNET,CNET,13,17,False
66,Tue May 16 05:25:04 +0000 2017,Apple's desperate attempt to make iPhone 7 Plus exciting https://t.co/8PjARWE1ze https://t.co/wYAIBCmPga,https://t.co/8PjARWE1ze,CNET,CNET,14,18,False
67,Tue May 16 05:15:06 +0000 2017,Bill Gates tells college students what careers he'd pursue today https://t.co/FeyvR6sPCS https://t.co/NAM4QQQ6Ph,https://t.co/FeyvR6sPCS,CNET,CNET,24,55,False
68,Tue May 16 05:05:08 +0000 2017,Find all the apps you've ever downloaded on your phone https://t.co/As0xnbiDEe https://t.co/mTDgNaJlhb,https://t.co/As0xnbiDEe,CNET,CNET,11,15,False
69,Tue May 16 04:53:40 +0000 2017,VW expands Porsche Macan fuel leak recall to 240K Audi models https://t.co/52b2rLJStD https://t.co/ZhOnwMl7Tx,https://t.co/52b2rLJStD,CNET,CNET,11,5,False
70,Tue May 16 06:40:09 +0000 2017,Doctor circumcises baby without parents' consent https://t.co/iYhOaqlfhF https://t.co/YV0TgDLMqF,https://t.co/iYhOaqlfhF,msnuk,MSN UK,0,0,False
71,Tue May 16 06:13:31 +0000 2017,The two deadliest sea titans waging war on each other https://t.co/0e7DtKtjvC https://t.co/PljhT79gnH,https://t.co/0e7DtKtjvC,msnuk,MSN UK,0,0,False
72,Tue May 16 05:21:29 +0000 2017,Lawmakers express shock about Trump disclosure of classified information https://t.co/uJVo3Lmi9O https://t.co/PjR2SNJ47X,https://t.co/uJVo3Lmi9O,msnuk,MSN UK,0,0,False
73,Tue May 16 04:52:36 +0000 2017,"This is the only bread you should eat, according to a cardiac surgeon https://t.co/B08FTyK6jH https://t.co/4ow5yo8Mg7",https://t.co/B08FTyK6jH,msnuk,MSN UK,0,0,False
74,Tue May 16 04:10:46 +0000 2017,Curses! Hawaii Can't Get Tourists to Stop Sending Back Lava https://t.co/T5c2bFpBYy https://t.co/NSpz1K0Bw9,https://t.co/T5c2bFpBYy,msnuk,MSN UK,0,0,False
75,Tue May 16 03:37:14 +0000 2017,Photos show what popular tourist attractions are really like https://t.co/qEGFCGuiEu https://t.co/GJxpWXhpjZ,https://t.co/qEGFCGuiEu,msnuk,MSN UK,0,0,False
76,Tue May 16 03:18:13 +0000 2017,Terry scores in thrilling win https://t.co/87ivMkTfmW https://t.co/kZcDqwf0On,https://t.co/87ivMkTfmW,msnuk,MSN UK,0,0,False
77,Tue May 16 02:52:11 +0000 2017,Rolf Harris 'groped three young females' after filming a show for BBC https://t.co/2bjYzaace7 https://t.co/iUUraCS8a0,https://t.co/2bjYzaace7,msnuk,MSN UK,0,0,False
78,Tue May 16 02:24:33 +0000 2017,N Korea linked to global cyber attack as ransomware code examined https://t.co/5EfYzLuwu0 https://t.co/qGjvZOQcrJ,https://t.co/5EfYzLuwu0,msnuk,MSN UK,0,0,False
79,Tue May 16 01:50:15 +0000 2017,McDonald's apologises after 'disgusting' TV advert upsets viewers https://t.co/pULE06GWoK https://t.co/pZiXopCM8M,https://t.co/pULE06GWoK,msnuk,MSN UK,0,0,False
80,Tue May 16 06:40:00 +0000 2017,"Hackers demand ransom from Disney over 'Pirates of the Caribbean 5'
https://t.co/bbPCj0a8SQ",https://t.co/bbPCj0a8SQ,Telegraph,The Telegraph,8,2,False
81,Tue May 16 06:15:00 +0000 2017,Angela Merkel welcomes Emmanuel Macron but will proceed with caution over his calls to reform EU #Premium https://t.co/CF7LgRro1k,https://t.co/CF7LgRro1k,Telegraph,The Telegraph,7,6,False
82,Tue May 16 06:00:00 +0000 2017,England plants so few trees that the entire year's planting could have been done by three people https://t.co/zZtUhg1Nw5,https://t.co/zZtUhg1Nw5,Telegraph,The Telegraph,34,25,False
83,Tue May 16 05:45:00 +0000 2017,Mexican journalist famed for drug war investigations shot dead in Sinaloa https://t.co/qd7tsjwyNI,https://t.co/qd7tsjwyNI,Telegraph,The Telegraph,37,15,False
84,Tue May 16 05:30:01 +0000 2017,Britain in Bloom on the BBC: new TV show to follow the nation's gardening competition https://t.co/nANY1pdqDZ,https://t.co/nANY1pdqDZ,Telegraph,The Telegraph,8,18,False
85,Tue May 16 05:15:00 +0000 2017,Cyber attack: NHS ordered to upgrade outdated systems as disruption continues https://t.co/bgIrVo54mr,https://t.co/bgIrVo54mr,Telegraph,The Telegraph,13,10,False
86,Tue May 16 05:00:01 +0000 2017,Nicola Sturgeon praised 'extremely good' report savaging her plan to join European Free Trade Association https://t.co/bZdjiaaggX,https://t.co/bZdjiaaggX,Telegraph,The Telegraph,15,16,False
87,Mon May 15 23:15:00 +0000 2017,"Donald Trump 'revealed highly classified intelligence' to Sergey Lavrov, the Russian foreign minister https://t.co/ZNnImGK0BE",https://t.co/ZNnImGK0BE,Telegraph,The Telegraph,42,20,False
88,Mon May 15 22:59:00 +0000 2017,Primary school teacher exchanged sexual texts with parent of pupil who was his 'teacher's pet' https://t.co/BSndRL0P4J,https://t.co/BSndRL0P4J,Telegraph,The Telegraph,8,2,False
89,Mon May 15 22:45:00 +0000 2017,Hackers release second stolen cyber weapon to criminals https://t.co/B2zc0QNC96,https://t.co/B2zc0QNC96,Telegraph,The Telegraph,24,17,False
90,Tue May 16 06:30:08 +0000 2017,A great deal has been written and said about the media divide in the United States: https://t.co/xZKbTbB2Gk,https://t.co/xZKbTbB2Gk,USATODAY,USA TODAY,17,13,False
91,Tue May 16 06:00:10 +0000 2017,"‚ÄúIt‚Äôs evil masquerading as love,"" HBO Documentary Films president Sheila Nevins said about ""Mommy Dead and Dearest"": https://t.co/KpR96Swuvf",https://t.co/KpR96Swuvf,USATODAY,USA TODAY,5,19,False
92,Tue May 16 05:30:08 +0000 2017,The prize for winning this Eastern Conference semifinals? A matchup against the unbeaten Cleveland Cavaliers: https://t.co/oL5xMZvCD2,https://t.co/oL5xMZvCD2,USATODAY,USA TODAY,6,18,False
93,Tue May 16 05:00:08 +0000 2017,LaVar Ball shed light on telling Lonzo about his mother's stroke https://t.co/1iix614pEI,https://t.co/1iix614pEI,USATODAY,USA TODAY,4,10,False
94,Tue May 16 04:49:55 +0000 2017,"RT @wwcummings: OK, let's get back to talking about #avocadotoast. https://t.co/arzOlaOoCh",https://t.co/arzOlaOoCh,USATODAY,USA TODAY,10,0,False
95,Tue May 16 04:30:05 +0000 2017,NBC and This Is Us want all of your tears. https://t.co/zOXjTy35S0,https://t.co/zOXjTy35S0,USATODAY,USA TODAY,12,52,False
96,Tue May 16 04:11:11 +0000 2017,RT @wwcummings: Yet another striking example of the two different news media worlds Americans are living in. https://t.co/ZzFCmFehVQ,https://t.co/ZzFCmFehVQ,USATODAY,USA TODAY,39,0,False
97,Tue May 16 04:06:09 +0000 2017,"RT @carolyncerbin: Report: Ford to cut 10% of global workforce. 
https://t.co/rkHTl2yg4x (Photo: AP) https://t.co/RWCSddkPlj",https://t.co/rkHTl2yg4x,USATODAY,USA TODAY,16,0,False
98,Tue May 16 04:00:13 +0000 2017,Trey Gowdy has pulled himself out of the running to be FBI Director. https://t.co/CO1b1qEiOO,https://t.co/CO1b1qEiOO,USATODAY,USA TODAY,44,114,False
99,Tue May 16 03:55:04 +0000 2017,"A look at Tuesday's paper: Experts warn #GOP's #AHCA health bill could put kids in ""harm's way""; @JoseCanseco lands‚Ä¶ https://t.co/ilfkgYUUsx",https://t.co/ilfkgYUUsx,USATODAY,USA TODAY,47,47,False
100,Tue May 16 06:45:09 +0000 2017,"Bank of Japan chief: unwinding stimulus won‚Äôt bring turmoil
https://t.co/3Q3svFCwHP #WSJCEOCouncil",https://t.co/3Q3svFCwHP,WSJ,Wall Street Journal,4,7,False
101,Tue May 16 06:44:01 +0000 2017,"At #WSJCEOCouncil, Carlos Ghosn said that he ""has no clue"" what will happen after Brexit. Live coverage:‚Ä¶ https://t.co/99m2omEJOK",https://t.co/99m2omEJOK,WSJ,Wall Street Journal,7,6,False
102,Tue May 16 06:30:15 +0000 2017,"Trump administration lacks North Korea experience, says ex-U.S. diplomat at #WSJCEOCouncil 
https://t.co/PiDRGNq4g0",https://t.co/PiDRGNq4g0,WSJ,Wall Street Journal,30,28,False
103,Tue May 16 06:20:08 +0000 2017,Teen retailer Rue21 files for chapter 11 bankruptcy protection https://t.co/ye94nfCFAb,https://t.co/ye94nfCFAb,WSJ,Wall Street Journal,15,16,False
104,Tue May 16 06:11:22 +0000 2017,"China's consumers will shape the future of global supply chains, says Victor Fung at #WSJCEOCouncil
https://t.co/CkINFill8W",https://t.co/CkINFill8W,WSJ,Wall Street Journal,19,24,False
105,Tue May 16 05:57:57 +0000 2017,Trump shared intelligence secrets from close US ally with Russians in Oval Office meeting https://t.co/6DtE0wlWOB,https://t.co/6DtE0wlWOB,WSJ,Wall Street Journal,122,127,False
106,Tue May 16 05:53:58 +0000 2017,RT @McLainSean: APCO's McGregor: Anbang is a pile of money masquerading as an insurance company. #WSJCEOCOUNCIL,https://twitter.com/McLainSean/status/864356686760353793,WSJ,Wall Street Journal,11,0,False
107,Tue May 16 05:45:03 +0000 2017,Gulf states offer better relations if Israel makes new bid for peace  https://t.co/XGuCJt1eRe,https://t.co/XGuCJt1eRe,WSJ,Wall Street Journal,22,28,False
108,Tue May 16 05:33:21 +0000 2017,"RT @johncbussey: Jim McGregor of APCO: Tech firms hoping to invest in China often must choose ""between suicide and self destruction."" https‚Ä¶",https://twitter.com/johncbussey/status/864352593048256513,WSJ,Wall Street Journal,14,0,False
109,Tue May 16 05:30:14 +0000 2017,"Take an early look at the front page of The Wall Street Journal
https://t.co/5xQPDOUKJQ https://t.co/0jjhATi1Gu",https://t.co/5xQPDOUKJQ,WSJ,Wall Street Journal,58,72,False
110,Tue May 16 06:40:30 +0000 2017,Opinion: Trump‚Äôs presidency hinges on this choice https://t.co/yV575Woh9M,https://t.co/yV575Woh9M,washingtonpost,Washington Post,19,31,False
111,Tue May 16 06:14:00 +0000 2017,"Opinion: Trump‚Äôs staff coddles him with hand-picked ""news."" Here‚Äôs why that invites disaster. https://t.co/JfjxHlVcwn",https://t.co/JfjxHlVcwn,washingtonpost,Washington Post,126,162,False
112,Tue May 16 05:44:19 +0000 2017,Bill Gates told new grads to read this book. Now it‚Äôs surging on Amazon. https://t.co/C2SDOCmxrS,https://t.co/C2SDOCmxrS,washingtonpost,Washington Post,70,141,False
113,Tue May 16 05:13:56 +0000 2017,Opinion: Trump doesn‚Äôt embody what‚Äôs wrong with Washington. Pence does. https://t.co/41oFgCnrFN,https://t.co/41oFgCnrFN,washingtonpost,Washington Post,605,1156,False
114,Tue May 16 04:46:58 +0000 2017,Post-Schar poll finds Ed Gillespie with big lead for Virginia's GOP gubernatorial nomination https://t.co/2gL4b2k46X,https://t.co/2gL4b2k46X,washingtonpost,Washington Post,27,31,False
115,Tue May 16 04:18:06 +0000 2017,This trend could destabilize some small private colleges if it continues https://t.co/4ieJZS1yvz,https://t.co/4ieJZS1yvz,washingtonpost,Washington Post,57,76,False
116,Tue May 16 03:50:19 +0000 2017,Cubs‚Äô rocky start can no longer be shrugged off as a simple World Series hangover https://t.co/ZKD97ER5RH,https://t.co/ZKD97ER5RH,washingtonpost,Washington Post,21,57,False
117,Tue May 16 03:20:11 +0000 2017,Trump may not be able to halt the world‚Äôs climate progress ‚Äî thanks to China and India https://t.co/ICsBPyXEpn,https://t.co/ICsBPyXEpn,washingtonpost,Washington Post,210,634,False
118,Tue May 16 02:47:13 +0000 2017,Analysis: The worst thing poor whites are inheriting could be a lack of hope https://t.co/AVEJE29sGl,https://t.co/AVEJE29sGl,washingtonpost,Washington Post,145,279,False
119,Tue May 16 02:15:33 +0000 2017,"Penn State teen killed in frat hazing was treated like ""roadkill and a rag doll,"" parents say https://t.co/8Kdrt025mn",https://t.co/8Kdrt025mn,washingtonpost,Washington Post,92,122,False
120,Tue May 16 06:30:10 +0000 2017,"Plainridge Park Casino brought in $14.3 million in gambling revenue in April, its best month since August 2015.‚Ä¶ https://t.co/pwjE5IWAo6",https://t.co/pwjE5IWAo6,BostonGlobe,The Boston Globe,1,1,False
121,Tue May 16 06:28:22 +0000 2017,"In a 75-second stretch, Kelly Olynyk scored 7 points and helped the #Celtics pad their lead. https://t.co/vo5dJeuywP https://t.co/DTVicTDDAb",https://t.co/vo5dJeuywP,BostonGlobe,The Boston Globe,1,8,False
122,Tue May 16 06:22:10 +0000 2017,"Near Shepard Restaurant &amp; Bar, a small group of neighbors say there is a constant harsh haze that hangs in the air.‚Ä¶ https://t.co/6hhOu9prVY",https://t.co/6hhOu9prVY,BostonGlobe,The Boston Globe,0,0,False
123,Tue May 16 06:11:36 +0000 2017,‚ÄúAre we as a country this stupid?‚Äù John Oliver asked. https://t.co/fGwyxvCBpf https://t.co/oIs7YIzERx,https://t.co/fGwyxvCBpf,BostonGlobe,The Boston Globe,7,18,False
124,Tue May 16 06:01:05 +0000 2017,Shayanna Jenkins Hernandez told Dr. Phil that she ‚Äúwants answers‚Äù about Aaron Hernandez‚Äôs suicide.‚Ä¶ https://t.co/eztZBYuA16,https://t.co/eztZBYuA16,BostonGlobe,The Boston Globe,0,1,False
125,Tue May 16 06:00:50 +0000 2017,Tens of thousands of Mass. residents received notices from the state that their tax refunds might be in jeopardy.‚Ä¶ https://t.co/lN4vuJUJLg,https://t.co/lN4vuJUJLg,BostonGlobe,The Boston Globe,0,0,False
126,Tue May 16 05:30:08 +0000 2017,Editorial cartoon in @GlobeOpinion: Worldwide alarm mounts over firings https://t.co/6PwVDqxo1j https://t.co/yh8g5G8LXG,https://t.co/6PwVDqxo1j,BostonGlobe,The Boston Globe,8,12,False
127,Tue May 16 05:15:08 +0000 2017,The Wizards made just 1 of their first 7 shots as the #Celtics raced out to an early 8-point lead.‚Ä¶ https://t.co/Xl88AJoOEY,https://t.co/Xl88AJoOEY,BostonGlobe,The Boston Globe,4,1,False
128,Tue May 16 05:11:32 +0000 2017,"The state‚Äôs inmate population has declined, but Massachusetts is spending more money to operate jails and prisons.‚Ä¶ https://t.co/sHaQST1QHo",https://t.co/sHaQST1QHo,BostonGlobe,The Boston Globe,3,5,False
129,Tue May 16 05:06:00 +0000 2017,Cambridge biotech Biogen pays $120 million for experimental drug to treat strokes  https://t.co/WLXF2kvwT9 https://t.co/O0kBzhr4BA,https://t.co/WLXF2kvwT9,BostonGlobe,The Boston Globe,3,1,False
130,Tue May 16 06:35:10 +0000 2017,Mum died in ‚Äòdisgraceful and horrific way‚Äô https://t.co/VRQIAclwPi,https://t.co/VRQIAclwPi,newscomauHQ,news.com.au,1,1,False
131,Tue May 16 06:27:36 +0000 2017,"One brother tragically vanished, the other has boasted of orgies and steroids. Meet Pippa Middleton's new in-laws. https://t.co/s8rE8eLXeK",https://t.co/s8rE8eLXeK,newscomauHQ,news.com.au,2,2,False
132,Tue May 16 06:08:28 +0000 2017,Force firing‚Ä¶ and here comes the cavalry https://t.co/KcnqRTS1Aj,https://t.co/KcnqRTS1Aj,newscomauHQ,news.com.au,1,0,False
133,Tue May 16 06:01:02 +0000 2017,The real woman at centre of AFL sledge storm https://t.co/hX9a6y0Qdz,https://t.co/hX9a6y0Qdz,newscomauHQ,news.com.au,1,0,False
134,Tue May 16 05:57:38 +0000 2017,Maserati driver gets stuck on sand https://t.co/pt7Nb7yRgA,https://t.co/pt7Nb7yRgA,newscomauHQ,news.com.au,1,3,False
135,Tue May 16 05:54:55 +0000 2017,Australia considers laptop flight ban https://t.co/Gqk6X8Tphl,https://t.co/Gqk6X8Tphl,newscomauHQ,news.com.au,4,1,False
136,Tue May 16 05:51:03 +0000 2017,RT @emmareyn: .@WenleiMa's must-read preview for the must-watch #TwinPeaks. Wish Heather Graham would come back tho @newscomauHQ https://t.‚Ä¶,https://twitter.com/emmareyn/status/864357101547606016,newscomauHQ,news.com.au,5,0,False
137,Tue May 16 05:38:34 +0000 2017,Susie Elelman: ‚ÄòI‚Äôve been touched up by Rolf‚Äô https://t.co/O3RUYZpTsf,https://t.co/O3RUYZpTsf,newscomauHQ,news.com.au,3,1,False
138,Tue May 16 05:32:53 +0000 2017,Real woman entangled in AFL sledge storm https://t.co/qSlA2NdteI,https://t.co/qSlA2NdteI,newscomauHQ,news.com.au,3,0,False
139,Tue May 16 05:30:14 +0000 2017,‚ÄòAre you married?‚Äô: Maria fires back https://t.co/ExNh3dgr7Z,https://t.co/ExNh3dgr7Z,newscomauHQ,news.com.au,3,1,False
140,Tue May 16 06:39:42 +0000 2017,Watch: Moment cyclist is shot during bike ride in New Orleans https://t.co/l838U8fdCm,https://t.co/l838U8fdCm,SkyNews,Sky News,4,5,False
141,Tue May 16 06:29:49 +0000 2017,"#IanBrady victim's brother Terry #Kilbride is teetotal, but he'll be raising a glass this week https://t.co/wk0EnBB6x4",https://t.co/wk0EnBB6x4,SkyNews,Sky News,13,41,False
142,Tue May 16 06:25:03 +0000 2017,RT @SiobhanRobbins: Labour manifesto of 'hope' will 'reverse national priorities' - Corbyn https://t.co/lhLuZ4liwK https://t.co/IicmDRM28O,https://t.co/lhLuZ4liwK,SkyNews,Sky News,4,0,False
143,Tue May 16 06:24:55 +0000 2017,"RT @SkyNewsNaz: This afternoon Scotland &amp; Ireland will stay dry, although a few showers at 1st but drier, brighter &amp; fresher from the west‚Ä¶",https://twitter.com/SkyNewsNaz/status/864365454915063808,SkyNews,Sky News,1,0,False
144,Tue May 16 06:22:09 +0000 2017,The Moors Murders: The victims of #IanBrady and #MyraHindley https://t.co/gpg4tGWjJs,https://t.co/gpg4tGWjJs,SkyNews,Sky News,26,16,False
145,Tue May 16 06:17:04 +0000 2017,"RT @KayBurley: Good morning.  Tuesday's front pages.  Brady's death announced too late for many
https://t.co/ZCdW7di45P",https://t.co/ZCdW7di45P,SkyNews,Sky News,7,0,False
146,Tue May 16 06:02:40 +0000 2017,Employees more likely to work when ill than pull sickie https://t.co/66AaceaUFF,https://t.co/66AaceaUFF,SkyNews,Sky News,27,34,False
147,Tue May 16 06:01:26 +0000 2017,This is how political parties are targeting you on #Facebook #GE2017 https://t.co/hK6T4xFbNp,https://t.co/hK6T4xFbNp,SkyNews,Sky News,31,15,False
148,Tue May 16 06:00:51 +0000 2017,Child killer #IanBrady in his own words https://t.co/WIUd8SCV1z,https://t.co/WIUd8SCV1z,SkyNews,Sky News,11,3,False
149,Tue May 16 05:39:06 +0000 2017,.@POTUS #Trump 'shared highly classified data with Russia' during White House meeting https://t.co/vGLjw3bBFn,https://t.co/vGLjw3bBFn,SkyNews,Sky News,27,25,False
150,Tue May 16 06:02:12 +0000 2017,"Giants welcome Dodgers, then bury them https://t.co/VG5gjIklZk https://t.co/UwJlteRS2A",https://t.co/VG5gjIklZk,SFGate,SFGate,2,21,False
151,Tue May 16 04:56:13 +0000 2017,State regulators move toward closing Monterey Bay sand mine https://t.co/LI30lKEv0q https://t.co/RRH4noI6Jp,https://t.co/LI30lKEv0q,SFGate,SFGate,5,10,False
152,Tue May 16 02:49:07 +0000 2017,Live updates from the Giants vs. the Dodgers https://t.co/Q69QjRoy7u,https://t.co/Q69QjRoy7u,SFGate,SFGate,0,1,False
153,Tue May 16 02:32:33 +0000 2017,From Instagram: @valijoy9 photographs the charcters of Jack Kerouac Alley in North Beach. #kerouacalley #northbeac‚Ä¶‚Ä¶ https://t.co/MBed2sJ30L,https://t.co/MBed2sJ30L,SFGate,SFGate,9,14,False
154,Tue May 16 01:12:53 +0000 2017,Tesla's business model could be in trouble https://t.co/bSetcTWn6V https://t.co/UyZRikeOcW,https://t.co/bSetcTWn6V,SFGate,SFGate,3,6,False
155,Tue May 16 00:41:27 +0000 2017,Analysis: Trump shows extreme hubris in sharing with Russia https://t.co/rQDN3uyCkP https://t.co/UojHeGQvSK,https://t.co/rQDN3uyCkP,SFGate,SFGate,3,7,False
156,Tue May 16 00:41:25 +0000 2017,New Jersey lawmakers introduce recreational marijuana bill https://t.co/u7HJZGsjI5 https://t.co/DhJsAAJE3w,https://t.co/u7HJZGsjI5,SFGate,SFGate,4,8,False
157,Tue May 16 00:41:15 +0000 2017,Ryan might regret having said this about Hillary Clinton https://t.co/FrRLtw9ktr https://t.co/FY7bdzdom6,https://t.co/FrRLtw9ktr,SFGate,SFGate,12,11,False
158,Tue May 16 00:10:21 +0000 2017,"After years away, mom surprised by Army son at AT&amp;T Park https://t.co/rIk7BdBYry https://t.co/MC1iDhdlLh",https://t.co/rIk7BdBYry,SFGate,SFGate,2,16,False
159,Tue May 16 00:10:18 +0000 2017,Fired coach says Academy of Art covered up sex harassment https://t.co/8ZVKZfkdET https://t.co/mV1GVFlXuq,https://t.co/8ZVKZfkdET,SFGate,SFGate,2,4,False
160,Tue May 16 06:19:52 +0000 2017,At least one person killed in Venezuela as thousands of Anti-Maduro protesters stage sit-ins https://t.co/9aIH1AE8Aw https://t.co/kshczu4yVV,https://t.co/9aIH1AE8Aw,AJEnglish,Al Jazeera English,23,6,False
161,Tue May 16 06:10:29 +0000 2017,"Journalist Javier Valdez who specialised in covering drug trafficking and organised crime, was murdered in Mexico‚Ä¶ https://t.co/V7C22PsPjS",https://t.co/V7C22PsPjS,AJEnglish,Al Jazeera English,84,46,False
162,Tue May 16 06:03:07 +0000 2017,What matters most to Iranians in the upcoming presidential vote? https://t.co/VGanlFiQMk https://t.co/aaIBti7TsL,https://t.co/VGanlFiQMk,AJEnglish,Al Jazeera English,11,9,False
163,Tue May 16 05:27:06 +0000 2017,An innovative housing project in Amsterdam is making integration quicker for young refugees. https://t.co/mlxcvJ6N6c,https://t.co/mlxcvJ6N6c,AJEnglish,Al Jazeera English,94,140,False
164,Tue May 16 05:01:11 +0000 2017,Why Antarctica matters: https://t.co/2Tx47CmCcM https://t.co/sJDUgggL2U,https://t.co/2Tx47CmCcM,AJEnglish,Al Jazeera English,94,93,False
165,Tue May 16 04:29:05 +0000 2017,Men gang-rape and then brutally murder a 23-year-old woman in India by smashing her skull with bricks‚Ä¶ https://t.co/JP7iQcadHS,https://t.co/JP7iQcadHS,AJEnglish,Al Jazeera English,173,69,False
166,Tue May 16 03:55:55 +0000 2017,Renegade soldiers in Ivory Coast reject a deal to end a four-day mutiny over unpaid bonuses https://t.co/idvBgqmAtE https://t.co/f6VERMn0dh,https://t.co/idvBgqmAtE,AJEnglish,Al Jazeera English,33,14,False
167,Tue May 16 03:52:19 +0000 2017,Cyber security researchers find technical evidence linking North Korea with the global #WannaCry cyberattack‚Ä¶ https://t.co/973ij00GT5,https://t.co/973ij00GT5,AJEnglish,Al Jazeera English,66,33,False
168,Tue May 16 03:41:10 +0000 2017,Russia bombing triggers crackdown on Central Asians after subway suicide bombing that killed 15 in St Petersburg‚Ä¶ https://t.co/HM8Q0z2VL2,https://t.co/HM8Q0z2VL2,AJEnglish,Al Jazeera English,24,22,False
169,Tue May 16 03:37:17 +0000 2017,Washington Post report says President Trump discussed classified intelligence during meeting with Russian FM Lavrov‚Ä¶ https://t.co/ucq5eteMTC,https://t.co/ucq5eteMTC,AJEnglish,Al Jazeera English,65,55,False
170,Tue May 16 06:45:05 +0000 2017,"Nine antibiotic-resistant superbugs found on London's travel network, says study https://t.co/oTagzn42ji",https://t.co/oTagzn42ji,Independent,The Independent,5,4,False
171,Tue May 16 06:44:08 +0000 2017,Paul Ryan might regret having said this about Hillary Clinton https://t.co/dauK3AVkbL,https://t.co/dauK3AVkbL,Independent,The Independent,2,1,False
172,Tue May 16 06:42:19 +0000 2017,Paul Ryan might regret having said this about Hillary Clinton https://t.co/dauK3ADJkd,https://t.co/dauK3ADJkd,Independent,The Independent,5,5,False
173,Tue May 16 06:42:00 +0000 2017,Ofsted school inspectors pelted with food by pupils https://t.co/UIQZCkki3X,https://t.co/UIQZCkki3X,Independent,The Independent,2,5,False
174,Tue May 16 06:41:01 +0000 2017,Vladimir Putin warns against 'intimidating' North Korea after its latest missile test https://t.co/Lqni9g7yzb,https://t.co/Lqni9g7yzb,Independent,The Independent,7,2,False
175,Tue May 16 06:38:26 +0000 2017,John Kerry among Obama-era officials reuniting to defend Iran nuclear deal from Trump https://t.co/wxQkZgXdDK,https://t.co/wxQkZgXdDK,Independent,The Independent,3,5,False
176,Tue May 16 06:37:15 +0000 2017,Police vow to never close Moors Murders case despite Ian Brady's death https://t.co/C9BPgfDuQc,https://t.co/C9BPgfDuQc,Independent,The Independent,8,9,False
177,Tue May 16 06:36:52 +0000 2017,RT @IndyFootball: Who are the greatest ever Premier League champions? @MiguelDelaney ranks all 25 https://t.co/Sn6f0kgpbg,https://t.co/Sn6f0kgpbg,Independent,The Independent,8,0,False
178,Tue May 16 06:36:02 +0000 2017,"My mother forgot who I was, and it made me a better daughter https://t.co/Jnc6ViYd0a",https://t.co/Jnc6ViYd0a,Independent,The Independent,3,6,False
179,Tue May 16 06:36:00 +0000 2017,The two words you should never use on a dating profile https://t.co/eHvNrynEuR,https://t.co/eHvNrynEuR,Independent,The Independent,0,3,False
180,Tue May 16 06:47:04 +0000 2017,Very few voters to spoil Theresa May's day as she chills on Facebook Live | John Crace https://t.co/1R5C5p2hCk,https://t.co/1R5C5p2hCk,guardian,The Guardian,0,1,False
181,Tue May 16 06:47:04 +0000 2017,National security adviser denies Trump revealed classified information to Russians ‚Äì video https://t.co/Q0N9x2L1LT,https://t.co/Q0N9x2L1LT,guardian,The Guardian,0,0,False
182,Tue May 16 06:44:51 +0000 2017,The victims of Ian Brady and Myra Hindley https://t.co/BekBhSbOt4,https://t.co/BekBhSbOt4,guardian,The Guardian,4,5,False
183,Tue May 16 06:41:51 +0000 2017,Iran presidential elections: everything you need to know https://t.co/Gqhl8DPbhA,https://t.co/Gqhl8DPbhA,guardian,The Guardian,10,9,False
184,Tue May 16 06:38:52 +0000 2017,"Chanel's $2,000 boomerang criticised for 'humiliating' Indigenous Australian culture https://t.co/GEnBKP2HWh",https://t.co/GEnBKP2HWh,guardian,The Guardian,10,6,False
185,Tue May 16 06:38:52 +0000 2017,Offenders in Rochdale child sexual abuse scandal 'remain at large' https://t.co/7FJOnBump0,https://t.co/7FJOnBump0,guardian,The Guardian,12,6,False
186,Tue May 16 06:35:13 +0000 2017,Applying to university: top tips from today's students to tomorrow's https://t.co/FbauLKJRnS,https://t.co/FbauLKJRnS,guardian,The Guardian,7,18,False
187,Tue May 16 06:28:35 +0000 2017,Uneasy peace and simmering conflict: the Ethiopian town where three flags fly https://t.co/AAg2Tb8dU3,https://t.co/AAg2Tb8dU3,guardian,The Guardian,8,10,False
188,Tue May 16 06:27:16 +0000 2017,Why meat eaters should think much more about soil | John Sauven https://t.co/sF9cBfhrgF,https://t.co/sF9cBfhrgF,guardian,The Guardian,33,37,False
189,Tue May 16 06:25:45 +0000 2017,Cambridge digs in at the top of university league table https://t.co/fVj81RyIsQ,https://t.co/fVj81RyIsQ,guardian,The Guardian,11,13,False
190,Tue May 16 06:40:06 +0000 2017,White House denies Trump shared sensitive intelligence with Russian officials https://t.co/YboLXHkfUX https://t.co/FSX2LzoB7G,https://t.co/YboLXHkfUX,latimes,Los Angeles Times,7,12,False
191,Tue May 16 06:20:05 +0000 2017,Sign proclaiming Hooters will move into Sport Chalet space confirmed a hoax https://t.co/18PRQUGwTs,https://t.co/18PRQUGwTs,latimes,Los Angeles Times,5,7,False
192,Tue May 16 05:40:04 +0000 2017,State senators say yes to naming part of the Ventura Freeway after former President Obama https://t.co/Kj5PDynHTs https://t.co/h1eHt5uLGu,https://t.co/Kj5PDynHTs,latimes,Los Angeles Times,122,368,False
193,Tue May 16 05:35:03 +0000 2017,2 former Kern County deputies plead guilty to marijuana trafficking https://t.co/hjdRUzTgar,https://t.co/hjdRUzTgar,latimes,Los Angeles Times,27,17,False
194,Tue May 16 05:20:04 +0000 2017,"Pizza parlor makes ""extremely dangerous"" delivery to passengers stranded on Amtrak train https://t.co/3qo6Dryc0M https://t.co/laOkspO3lp",https://t.co/3qo6Dryc0M,latimes,Los Angeles Times,13,28,False
195,Tue May 16 05:05:05 +0000 2017,USC paid Lane Kiffin and Steve Sarkisian a combined $5.8 million in 2015 season. Total games? Five https://t.co/nS7DTEaSep,https://t.co/nS7DTEaSep,latimes,Los Angeles Times,15,25,False
196,Tue May 16 04:50:05 +0000 2017,"Mo'Nique slams Lee Daniels, Tyler Perry and Oprah Winfrey in harsh standup riff https://t.co/1scodF0in8 https://t.co/nqg1hO8zNt",https://t.co/1scodF0in8,latimes,Los Angeles Times,11,26,False
197,Tue May 16 04:35:04 +0000 2017,Death of Las Vegas man in police custody raises questions about police restraint methods https://t.co/1qT6rlOlgz https://t.co/wibm1YQA56,https://t.co/1qT6rlOlgz,latimes,Los Angeles Times,35,31,False
198,Tue May 16 04:20:04 +0000 2017,Elon Musk's cousin and business partner departs Tesla https://t.co/IohGb5LE7X https://t.co/O4pzTY5mKv,https://t.co/IohGb5LE7X,latimes,Los Angeles Times,13,28,False
199,Tue May 16 04:05:05 +0000 2017,"House Minority Leader Nancy Pelosi: Trump was ""sloppy"" if he disclosed sensitive information to Russians‚Ä¶ https://t.co/MkzzVNF3V5",https://t.co/MkzzVNF3V5,latimes,Los Angeles Times,28,51,False
200,Mon May 15 13:52:11 +0000 2017,"What's the #GoogleDNI? Madhav Chinnappa, strategic relations, News &amp; Publishers @Google explains #businessofnews‚Ä¶ https://t.co/I4OYc9w5VK",https://t.co/I4OYc9w5VK,ReutersAgency,Reuters News Agency,0,0,False
201,Thu May 11 17:13:35 +0000 2017,Is #Facebook becoming 'the TV'? Hear @mrwillhayward @JOEmediaUK on socially distributed TV &amp; monetizing‚Ä¶ https://t.co/3ErSq8ppcs,https://t.co/3ErSq8ppcs,ReutersAgency,Reuters News Agency,5,3,False
202,Wed May 10 09:02:24 +0000 2017,"When your brand is everything, why aren‚Äôt more #newsoutlets clear about their values? by @paul__armstrong‚Ä¶ https://t.co/hv6E5CFwoP",https://t.co/hv6E5CFwoP,ReutersAgency,Reuters News Agency,3,3,False
203,Tue May 09 16:12:09 +0000 2017,"How to build your #newsbrand on owned land, with @gjhoekman @NUnl https://t.co/q8EMBkhiho #businessofnews https://t.co/CPpdAGND5h",https://t.co/q8EMBkhiho,ReutersAgency,Reuters News Agency,0,0,False
204,Wed May 03 09:00:04 +0000 2017,#editorial &amp; commercial decision-making in the #newsindustry has never been more exciting... https://t.co/2KwPja3aBz https://t.co/loQmA8TFxa,https://t.co/2KwPja3aBz,ReutersAgency,Reuters News Agency,1,1,False
205,Fri Apr 28 07:00:10 +0000 2017,"WhatsApp is nearly as popular as Facebook in #Spain
https://t.co/alilLiJejv via @eMarketer https://t.co/LhI5xNlbjQ",https://t.co/alilLiJejv,ReutersAgency,Reuters News Agency,0,0,False
206,Thu Apr 27 06:00:15 +0000 2017,Build your digital #Storytelling with tools &amp; expertise that deliver breaking news  https://t.co/fgPWLrxRNw https://t.co/5bSBgj29xc,https://t.co/fgPWLrxRNw,ReutersAgency,Reuters News Agency,2,0,False
207,Wed Apr 26 09:00:25 +0000 2017,#editorial &amp; commercial decision-making in the #newsindustry has never been more exciting... https://t.co/2KwPj9LzK1 https://t.co/j9tN0bmxdh,https://t.co/2KwPj9LzK1,ReutersAgency,Reuters News Agency,1,0,False
208,Wed Apr 26 06:00:26 +0000 2017,#newsgathering is evolving. Find out 6 approaches worth exploring. w/insights @jeffjarvis @Jon_Bernstein @sambrook‚Ä¶ https://t.co/3Um7aQWBFG,https://t.co/3Um7aQWBFG,ReutersAgency,Reuters News Agency,2,0,False
209,Tue Apr 25 15:45:46 +0000 2017,#Snapchat becoming a daily habit in Germany https://t.co/Wei4VXW0Lc via @eMarketer #futureofnews https://t.co/VHGvciju9H,https://t.co/Wei4VXW0Lc,ReutersAgency,Reuters News Agency,0,0,False
210,Tue May 16 06:40:09 +0000 2017,Four plead guilty to manslaughter in 2013 hazing death of New York City college student. https://t.co/OPFy3LtYir https://t.co/qE6SApFUlS,https://t.co/OPFy3LtYir,ABC,ABC News,15,27,False
211,Tue May 16 06:24:03 +0000 2017,Former 'Real Housewives of New Jersey' star 'shaken up' after alleged home invasion and robbery.‚Ä¶ https://t.co/bBZbaZKsTt,https://t.co/bBZbaZKsTt,ABC,ABC News,13,26,False
212,Tue May 16 06:07:05 +0000 2017,Italian police say Mafia skimmed about 36 million euros from public funds meant for migrant center.‚Ä¶ https://t.co/02oZcUKzMp,https://t.co/02oZcUKzMp,ABC,ABC News,46,45,False
213,Tue May 16 05:50:02 +0000 2017,Pres. Trump welcomes crown prince of Abu Dhabi to the White House for first face-to-face meeting since taking offic‚Ä¶ https://t.co/3XL2i76e7P,https://t.co/3XL2i76e7P,ABC,ABC News,75,83,False
214,Tue May 16 05:33:03 +0000 2017,"Authorities in Malaysia seize 330 endangered tortoises being smuggled through Kuala Lumpur airport, valued at over‚Ä¶ https://t.co/i71xqFFICM",https://t.co/i71xqFFICM,ABC,ABC News,262,247,False
215,Tue May 16 05:16:03 +0000 2017,Pres. Trump asks Justice Dept. to develop strategies to prevent and prosecute violent crimes against law enforcemen‚Ä¶ https://t.co/3N2v6W7qFQ,https://t.co/3N2v6W7qFQ,ABC,ABC News,48,92,False
216,Tue May 16 04:59:07 +0000 2017,College Football Playoff to add Super Bowl-style halftime show to national title game - without bumping the bands.‚Ä¶ https://t.co/HJSCicwa0L,https://t.co/HJSCicwa0L,ABC,ABC News,33,73,False
217,Tue May 16 04:43:05 +0000 2017,11-year-old boy killed in school bus crash on rural road near the Texas-Louisiana border. https://t.co/Rg2IJcVhJK https://t.co/MLUECBRGjR,https://t.co/Rg2IJcVhJK,ABC,ABC News,41,35,False
218,Tue May 16 04:27:06 +0000 2017,Federal judge approves $7.5 million class action settlement in Wal-Mart same-sex benefits case.‚Ä¶ https://t.co/TvOWNdkfZd,https://t.co/TvOWNdkfZd,ABC,ABC News,49,63,False
219,Tue May 16 04:11:06 +0000 2017,"Mexican journalist who specialized in covering drug trafficking, organized crime killed in Sinaloa, authorities say‚Ä¶ https://t.co/AwcBpeiT1X",https://t.co/AwcBpeiT1X,ABC,ABC News,221,190,False
220,Tue May 16 06:42:55 +0000 2017,Red hot emerging-market stocks are showing signs of overheating https://t.co/Q3cGe8Vgnw https://t.co/1KW3uRQPkR,https://t.co/Q3cGe8Vgnw,business,Bloomberg,7,4,False
221,Tue May 16 06:39:22 +0000 2017,Here's what you need to know about the Middle East today https://t.co/GDCxAj5RKZ https://t.co/pwtrWCOigi,https://t.co/GDCxAj5RKZ,business,Bloomberg,9,13,False
222,Tue May 16 06:37:46 +0000 2017,Hutchison Telecom shares surge on prospects for fixed-line sale https://t.co/HZW3BEAZfg https://t.co/g3bcHpFlYW,https://t.co/HZW3BEAZfg,business,Bloomberg,5,6,False
223,Tue May 16 06:33:48 +0000 2017,Donald Trump reportedly revealed sensitive classified information to Russia's top diplomat https://t.co/4KRCFUa3t8 https://t.co/omuwZwSJxM,https://t.co/4KRCFUa3t8,business,Bloomberg,23,20,False
224,Tue May 16 06:32:41 +0000 2017,The French economy is bad in a crisis. Macron could improve on that https://t.co/0VlZDGptLP via @BV https://t.co/GgEgoArUZj,https://t.co/0VlZDGptLP,business,Bloomberg,10,10,False
225,Tue May 16 06:27:28 +0000 2017,Netayahu's main rival says he welcomes Trump's peace initiative https://t.co/D26PqETCxM https://t.co/t57CjrZdYm,https://t.co/D26PqETCxM,business,Bloomberg,5,13,False
226,Tue May 16 06:16:30 +0000 2017,"Indonesia's ""chili mafia"" are being hunted by police and the nation's central bank https://t.co/ThXOXEYKMC https://t.co/3CvYQi1nhr",https://t.co/ThXOXEYKMC,business,Bloomberg,15,10,False
227,Tue May 16 06:12:26 +0000 2017,"6. Finally, French companies have one other big complaint - they're charged a lot of tax https://t.co/LVFgks2afa https://t.co/t4uiMCUdjH",https://t.co/LVFgks2afa,business,Bloomberg,16,6,False
228,Tue May 16 06:12:09 +0000 2017,5. And difficulties in hiring and firing contribute to a persistently high unemployment rate https://t.co/LVFgks2afa https://t.co/BnZO7PIIxE,https://t.co/LVFgks2afa,business,Bloomberg,16,11,False
229,Tue May 16 06:11:50 +0000 2017,4. But even those at work are relatively expensive for French employers https://t.co/LVFgks2afa https://t.co/c60zQ9glrz,https://t.co/LVFgks2afa,business,Bloomberg,8,4,False
230,Tue May 16 02:08:47 +0000 2017,"With this camera, you can tell who‚Äôs in your home https://t.co/Mf9ylPq4ZJ https://t.co/Zrfaumwe7O",https://t.co/Mf9ylPq4ZJ,BW,Businessweek,11,10,False
231,Tue May 16 00:11:39 +0000 2017,Fyre Festival founders are under legal assault from all sides https://t.co/YwL1F0bDay https://t.co/MO0XEr89eD,https://t.co/YwL1F0bDay,BW,Businessweek,9,2,False
232,Mon May 15 23:52:26 +0000 2017,How augmented reality is being used on Snapchat ads https://t.co/Xwfeaml9a3 https://t.co/nc4VK6GUF6,https://t.co/Xwfeaml9a3,BW,Businessweek,7,9,False
233,Mon May 15 22:49:23 +0000 2017,Venezuela‚Äôs crisis has professionals scrubbing toilets in Miami https://t.co/9k4W11IGgI https://t.co/4keFiYmOsV,https://t.co/9k4W11IGgI,BW,Businessweek,14,9,False
234,Mon May 15 21:55:00 +0000 2017,What an immigrant murder in Kansas says about America https://t.co/0zSJINmyRw https://t.co/QwydlBWBsW,https://t.co/0zSJINmyRw,BW,Businessweek,4,4,False
235,Mon May 15 20:03:45 +0000 2017,There are now more indexes than stocks https://t.co/cREv6hiegP https://t.co/zcXeNSfA0f,https://t.co/cREv6hiegP,BW,Businessweek,12,8,False
236,Mon May 15 19:58:30 +0000 2017,The Danish politician who makes corporate America tremble https://t.co/JojdsaXqku https://t.co/NsSU5GEVhO,https://t.co/JojdsaXqku,BW,Businessweek,3,4,False
237,Mon May 15 18:56:30 +0000 2017,It‚Äôs way too easy to hack hospitals https://t.co/gFw8nVNaSG https://t.co/V2hJtOuSo2,https://t.co/gFw8nVNaSG,BW,Businessweek,18,8,False
238,Mon May 15 18:35:51 +0000 2017,"Only facts. Only $5 
https://t.co/2Bz0cdfoGe https://t.co/5JgA8Qj343",https://t.co/2Bz0cdfoGe,BW,Businessweek,2,3,False
239,Mon May 15 17:53:19 +0000 2017,"Six vacations that could solve all your problems, from stress to insomnia https://t.co/iZffgTOw6F https://t.co/C3LIhyO1Ia",https://t.co/iZffgTOw6F,BW,Businessweek,11,9,False
240,Tue May 16 06:45:11 +0000 2017,Officials confirm second case of Ebola in Congo outbreak https://t.co/4W3VhWrCmR,https://t.co/4W3VhWrCmR,TIME,TIME,16,9,False
241,Tue May 16 06:30:09 +0000 2017,White House downplays claim that Trump shared classified intelligence with the Russians https://t.co/tEmEpPQ5cq,https://t.co/tEmEpPQ5cq,TIME,TIME,28,30,False
242,Tue May 16 06:25:19 +0000 2017,"The deadline for Facebook to censor ""insulting"" content in Thailand has passed https://t.co/7LihYxslVa",https://t.co/7LihYxslVa,TIME,TIME,18,24,False
243,Tue May 16 06:15:06 +0000 2017,Veteran journalist Javier Valdez murdered in Mexico https://t.co/z8P59qVEg0,https://t.co/z8P59qVEg0,TIME,TIME,52,31,False
244,Tue May 16 06:00:09 +0000 2017,17 essential money tips for married couples https://t.co/CGXLvLEZVN,https://t.co/CGXLvLEZVN,TIME,TIME,12,53,False
245,Tue May 16 05:54:07 +0000 2017,South Korea's new president is sending envoys to the main players in the North Korea crisis https://t.co/r92TRVB0Sf,https://t.co/r92TRVB0Sf,TIME,TIME,46,42,False
246,Tue May 16 05:45:05 +0000 2017,A clue points to North Korea as a suspect in the WannaCry ransomware attack https://t.co/tKmfO26RjV,https://t.co/tKmfO26RjV,TIME,TIME,87,63,False
247,Tue May 16 05:30:10 +0000 2017,"If you invested in Amazon at its IPO, you could have been a millionaire https://t.co/SRfdoXTARR",https://t.co/SRfdoXTARR,TIME,TIME,32,38,False
248,Tue May 16 05:22:04 +0000 2017,The White House is cutting more funds for overseas organizations linked to abortion https://t.co/XCj3BxnrsB,https://t.co/XCj3BxnrsB,TIME,TIME,72,80,False
249,Tue May 16 05:15:06 +0000 2017,Disney CEO Bob Iger said hackers claim they stole an unreleased movie and want a big ransom https://t.co/pdiCpfwW0G,https://t.co/pdiCpfwW0G,TIME,TIME,64,54,False
